id;nome;data;email
1;Yasir Frank;10/11/1980;odio.vel@sagittisDuis.edu
2;Ira Hancock;12/01/2000;Cras.pellentesque@inmagnaPhasellus.ca
3;Hyatt Roth;30/01/1977;orci@magnaSuspendisse.org
4;Malachi Terry;11/12/1991;neque.Sed@magnaSuspendisse.co.uk
5;Neville Baxter;09/08/2010;et@Pellentesque.net
6;Cyrus Hurley;03/10/1986;ipsum.primis@auctor.co.uk
7;Kasimir Wilkerson;19/01/1997;Nullam@sociis.ca
8;Quentin Dean;13/06/2006;et@Cras.edu
9;Dieter Cooley;02/06/2005;molestie@ridiculusmus.net
10;Lucius Stafford;10/06/1975;ridiculus.mus@orcilobortisaugue.ca
11;Jasper Barnes;26/08/1992;Sed.dictum@augueporttitor.net
12;Bernard Velez;23/12/1972;at.iaculis.quis@sitamet.ca
13;Brady Rodriguez;07/11/1979;tellus.lorem.eu@CraspellentesqueSed.net
14;Garrison Aguirre;24/09/1994;Cras.interdum@magnaa.co.uk
15;Darius Sweet;27/07/1985;molestie@mollisInteger.co.uk
16;Joel Barrett;24/09/1984;et.netus@magnamalesuadavel.ca
17;Hasad Hughes;20/03/2005;urna.Nullam@nibh.com
18;Caleb Conner;26/03/1978;ullamcorper.eu@parturientmontesnascetur.com
19;Brody Turner;04/11/1997;facilisis@Namconsequatdolor.edu
20;Nissim Bartlett;31/01/1973;amet.ultricies.sem@Nullam.ca
21;Ivor Castaneda;27/05/1973;lacus.Cras@mauris.edu
22;Luke Noel;13/07/2012;suscipit@eu.co.uk
23;Ray Colon;30/07/1996;augue@sociis.com
24;Emery Park;31/01/1973;Sed@laciniamattis.org
25;Rajah Decker;07/06/1980;scelerisque@commodo.co.uk
26;Hyatt England;25/12/1987;orci.in.consequat@consequatpurus.ca
27;Ulric Valenzuela;06/05/2004;mauris.Morbi.non@ipsumCurabitur.net
28;Baxter Stark;08/04/1984;eu@Nullam.ca
29;Vincent Logan;20/08/1991;ac.turpis@convallisantelectus.org
30;Fletcher Bryant;18/08/1997;Aliquam.gravida@eteros.org

    